{"accuracy": 0.7976190476190477, "spearman": 0.6789529015967644}