{"accuracy": 0.6751700680272109, "spearman": 0.3911800699300169}