{"accuracy": 0.5476190476190477, "spearman": 0.5830923225755714}