{"accuracy": 0.6513605442176871, "spearman": 0.5477998321708117}