{"accuracy": 0.6105442176870748, "spearman": 0.4673515563127601}