{"accuracy": 0.7193877551020408, "spearman": 0.4943482359983337}