{"accuracy": 0.7227891156462585, "spearman": 0.7365596913309084}