{"accuracy": 0.6937716262975778, "spearman": 0.7208504931697154}