{"accuracy": 0.5799319727891157, "spearman": 0.4828563815068942}