{"accuracy": 0.8231292517006803, "spearman": 0.6926265071521445}