{"accuracy": 0.6972789115646258, "spearman": 0.41181903541327314}