{"accuracy": 0.7244897959183674, "spearman": 0.7394403135134947}