{"accuracy": 0.6598639455782312, "spearman": 0.5733452609839235}