{"accuracy": 0.5578231292517006, "spearman": 0.36649972972283523}